name,gender,major,quiz grade before,quiz grade after,visits tutor
Jeffrey Ryan,M,Science,22.876881917901038,76.9886781141294,N
Clara Martinez,F,Science,51.73646652298936,66.50625573145489,N
Sheryl Wiley,F,Social Studies,40.63320676945062,56.38512880966379,N
William Hurdle,M,Art,14.534152966148696,68.58603271158847,N
Maria Ruiz,F,Medicine,76.28658256917444,65.41990914955296,Y
George Gautam,M,Business,60.930836047032194,53.557332919096396,N
Jeffrey Palacios,M,Art,56.11278672361818,75.34195931334878,Y
Roy Wortman,M,Business,67.80318078997516,69.74794984779989,N
Ashton Moskowitz,F,History,39.76913974851546,67.56701660605253,N
Stephanie Boggs,F,Technology,44.68970291524334,76.82809825712603,N
John Gonzalez,M,Art,48.91380747679484,54.733544227775816,Y
Raleigh Leon,M,History,46.280470256971874,64.48212292484561,N
David Bostian,M,Foreign Language,52.05110447789845,97.06564880382017,N
Jasmine Sandling,F,Foreign Language,26.44250064708598,77.82305929915097,N
Paula Ali,F,Business,40.259026264943,93.35104239767746,N
Ralph Farish,M,Engineering,70.41463807630552,100.0,N
Sharon Fox,F,Art,61.45390036858911,61.40278323217875,N
Hector Bradshaw,M,Science,48.08825394093681,100.0,Y
George Scott,M,Technology,67.61277048738089,83.50754481516024,Y
Frank Ryan,M,Engineering,58.66975909687829,71.5110203483768,Y
Jeanette Lasalle,F,Business,70.05701131906815,80.09465555728246,N
Carl Palmer,M,English,54.05420666173202,69.92335553238772,N
Robert Restrepo,M,History,38.65366567838908,75.31397418733071,N
Sharon Clayton,F,Art,50.84196741856977,43.768335459382115,N
Samuel Miller,M,Engineering,50.32002169924896,67.54484948286785,N
Charles Bowen,M,Business,59.934250063308646,56.88687091733723,N
Ruth Gibson,F,English,35.02628011223179,98.97818987214629,N
Estelle Odum,F,Engineering,76.79669806729834,51.440225827092576,N
Brock Sperling,M,Social Studies,54.552169176809194,65.87433850224016,Y
Joseph Davis,M,Engineering,48.83855322126657,76.211332302185,N
Tammie Moss,F,Social Studies,55.390492506043856,97.55268002913726,N
Renee Campbell,F,Art,61.57125389152388,76.28161003347876,Y
Samuel Zambrana,M,Medicine,72.10626710352335,71.17017085313373,N
Cornelius Christian,M,English,41.94118419769619,73.23880561999539,N
Courtney Mailloux,F,Medicine,66.80414109209794,23.956621876810686,N
Ruth Martinez,F,Art,23.01740696230029,63.12778760966631,N
Dawn Clothier,F,Science,67.59356494988532,95.24604840367566,N
Paul Ransler,M,Art,51.82380482311547,100.0,N
Donald Quan,M,Technology,15.82099250777145,71.5564826759384,N
Thomas Morber,M,Art,53.336871688341404,23.32664291590924,N
Evan Geiger,M,Social Studies,36.2667212360447,54.60671070973004,N
Susan Hebert,F,Medicine,37.501714951025015,60.521255431087646,N
Cecil Kamen,M,English,31.532777418622416,91.6609963502869,N
Clarence Burns,M,English,31.262856829536286,78.62617467759169,N
Catherine Harrelson,F,Social Studies,51.21652419575908,98.31012216599954,N
Charles Helton,M,Science,69.03873759452028,18.927166976896075,N
Gregory Hunter,M,Social Studies,50.65822246300142,48.41544416674476,N
Henry Sinisi,M,Engineering,55.859316023653925,67.40895302836755,N
David Lancaster,M,Art,69.7530220863756,97.26521899726437,N
Carol Fernandez,F,Business,40.91400354374069,50.21319631239433,Y
Stacie Guinyard,F,Business,66.57823157009976,48.89347925701297,N
Julie Seider,F,Business,59.6735975465087,100.0,N
Angel Condie,M,English,51.6191292032282,56.63255621009769,N
Irene Conner,F,History,48.74011666519442,93.46033632655535,N
Melvin Ardizzone,M,Art,55.087702589287034,1.0508119194762315,Y
Clarence Edler,M,Science,61.23852827474239,67.66710923847063,Y
Georgia Perez,F,Science,49.82416489496753,52.26815800344994,Y
Jeffrey Mendoza,M,Art,42.373328152274105,56.074855667185965,N
Francis Malachi,M,Foreign Language,38.71121155594925,96.36659851018462,N
Bruce Zamora,M,Engineering,37.153480996363825,55.527673498241384,Y
Eileen Manners,F,Technology,57.04324642946286,31.594026105460976,N
Salvador Fields,M,English,78.56809721899914,75.77145856196525,Y
Denise Wilkerson,F,Social Studies,75.88715305453329,47.9413378577858,N
Michael Mckee,M,English,57.698849841063755,42.635953029153676,Y
Keith Gonser,M,Social Studies,41.10372413791044,69.52558725314991,N
Maria Davidson,F,History,41.76410114924296,66.85166757026909,N
Christina Correll,F,Business,52.126621617899005,69.81232586871126,N
Donald Eason,M,Technology,22.21288830878835,85.87615674385208,N
Christina Milburn,F,Art,58.55834916930098,63.030351144817686,N
Kathleen Schweinfurth,F,English,45.355484892239716,100.0,N
David Davidson,M,Medicine,62.56990984403389,59.29739544072273,N
Richard Ohara,M,English,43.62870472853706,67.74269099519574,N
Stacy Mead,F,Social Studies,38.99507912545924,48.82430670963409,N
Anna Pfau,F,Social Studies,42.95617817178656,86.76551271438701,N
George Nicewander,M,Engineering,62.30845258812635,26.024605530047957,N
Amy Marley,F,Technology,34.14853511906212,86.12652900499799,N
Callie Parker,F,Medicine,38.71299944255706,88.5752235638193,N
Jason Ford,M,History,55.4354728932004,100.0,N
Bobbie Moore,F,English,17.769108698988333,96.81464147961816,N
William Stephens,M,Foreign Language,37.835385105555474,100.0,N
Thomas Kelley,M,Foreign Language,31.849956948384555,52.72662429688737,N
David Jarvis,M,English,43.274049724814674,23.710530861778373,N
Lynda Craig,F,History,38.45468383897016,58.759861467952874,N
Tara Cory,F,English,84.97232638225161,79.38730937296316,N
Brittney Goucher,F,History,35.25453016790148,35.86161477788535,N
Albert Bufford,M,Medicine,24.990164792535236,83.94855517998086,N
Doris Rubin,F,Science,54.17350911288971,91.58501831649106,Y
Michael Sanchez,M,History,40.35299004620781,67.6879869401724,N
Timothy Youree,M,Social Studies,61.8791987491619,72.89849278309562,N
Kathleen Bell,F,Engineering,30.146628340393757,52.77441709932165,N
Luanna Poissant,F,Foreign Language,55.23253449010331,48.52210942603801,N
Charles Hansen,M,History,42.59253582328339,85.7243391208075,N
Joyce Williams,F,Engineering,47.59127259121284,58.332515245324075,N
Maria Smith,F,Science,47.00431991605093,0.0,N
Earnest Graham,M,Medicine,74.35768715335561,68.09647928828916,N
Brooke Corbett,F,Technology,54.19273678349122,14.900812015834312,N
Karen Cardenas,F,Science,37.19243891945918,53.91972178032503,N
Raymond Russell,M,History,65.13328366276397,59.172852171069096,N
Brandi Nuzback,F,Social Studies,51.691301510600965,81.93037702421245,N
Angela Bess,F,Technology,36.55277574454159,87.22459901292348,N
Ray Brown,M,Art,53.2525265963265,57.889586791597864,N
Gwendolyn Chapman,F,English,46.819681130183696,68.90545093926484,Y
Terry James,F,English,38.084589292414655,85.46556204450542,Y
Malcolm Marchant,M,Technology,34.20043801899732,74.78583745792258,N
Todd Cote,M,Business,44.19940134951273,35.94701327049336,N
Samantha Bradford,F,Art,61.464881990994186,38.403870191913484,Y
Tonya Cameron,F,Medicine,60.29274786230724,65.78836091784451,Y
Henry Mcguire,M,Social Studies,58.91050280255362,79.06797772935607,N
Katrina Barela,F,Science,65.25523617924142,91.60339363410867,N
Tommie Jimenez,M,Social Studies,30.86001967615726,67.01362806269366,Y
James Coleman,M,Engineering,61.985612880905215,100.0,N
Matthew Terry,M,Business,53.86129090827198,50.4657970018573,N
Roy Boccella,M,History,59.77715483591763,20.391146130684703,N
Leon Priolean,M,Engineering,30.350486033681946,84.02617822274576,N
Richard Williams,M,Foreign Language,71.02532128235191,71.67025476279748,N
Rafaela Hill,F,Engineering,55.046170835097186,82.76871266291391,N
Gertrude Pittman,F,Science,59.74599673155728,52.73570884364013,Y
Joseph Proffitt,M,Technology,56.63912911414691,100.0,N
Sandra Teague,F,Social Studies,63.269466519681586,44.56394461006116,N
Gary Rhea,M,Science,34.93269892574256,72.75926818207999,N
Daniel Terry,M,Engineering,60.670191839314555,90.77783557340851,Y
Percy Garcia,M,Social Studies,48.50885071916326,100.0,N
Louise Norton,F,Business,46.27531790266441,100.0,N
Rebecca Kartes,F,Social Studies,51.28685518369931,70.04567935580012,Y
Carolyn Sullivan,F,History,35.47460321466897,99.9083212040169,N
Emma Pals,F,Social Studies,59.73485013556353,56.55397988243153,N
Rachel Platter,F,English,52.10678551655457,90.39055434972528,N
Constance Bean,F,Technology,79.36536080147354,47.976748185120826,N
Roberta Selleck,F,Technology,47.764474624670825,83.47095117952217,N
Rosalba Swonger,F,Technology,42.27152832848092,82.39194187579514,N
Donald Weishaupt,M,Foreign Language,69.55354334285228,76.55840768522629,N
Elvin Loughmiller,M,Business,67.49660104384508,66.87639391736803,Y
Damon Mohler,M,Technology,71.75024597904812,100.0,N
Eugene Packer,M,Engineering,54.89223426954185,57.38423951836523,N
Rose Iannaccone,F,Art,44.11070015568538,41.47022010600901,N
Ruth Andrews,F,Art,43.54461994598407,67.97136182371813,N
Jeffrey Soria,M,Science,47.29521856972728,43.944664252204205,N
Cynthia Carey,F,Foreign Language,21.20690366407219,86.34138246425584,N
Dennis Janow,M,Medicine,26.884028089563547,17.972829811210083,N
Patsy Thompson,F,Business,51.14328623208261,73.61709157919492,N
Rodney Zenon,M,Engineering,47.38703538325388,48.11537926716303,N
Stephen Bond,M,Social Studies,47.323105254925764,57.639307363468134,N
Daisy Hicks,F,History,22.044521129984258,36.88649773560261,N
Drew Reinhardt,M,Foreign Language,54.139292562995344,66.37829945868403,N
Bryan Dingle,M,English,40.90778919638912,63.90984092810237,N
Susan Gannon,F,Medicine,83.96027137010421,55.360082985793234,N
Laura Hauser,F,Engineering,50.49163499423539,100.0,N
Roger Burk,M,Art,59.652922705957565,46.17774459096624,N
Tammy Gill,F,Business,30.36398520308021,20.929221678424753,N
John Vidal,M,Foreign Language,59.39415848594157,100.0,N
Cynthia Pixley,F,Social Studies,35.84410905647669,60.8582332365071,Y
Donald Lindley,M,Engineering,46.34779167333195,67.52036916642105,N
Lorelei Cory,NB,Art,54.513119638720674,59.524484192131226,N
Nicole Dumire,F,English,61.38458002975109,35.220080705358626,Y
Heidi Carlen,F,Foreign Language,61.598170073913465,61.07510205879253,N
Elliott Courtemanche,M,English,53.62321047151042,52.83568221683665,Y
Monica Washington,F,Business,39.422351597689065,57.69620259222368,N
Mark Beatty,M,Medicine,45.191165397271305,43.3824136786465,N
Barbara Buller,F,Science,27.991523112653375,76.691810558941,N
Mary Foster,F,English,31.34381587864538,58.478750700469064,Y
Octavio Noyes,M,History,45.01159095251067,55.50149399262543,N
Joaquin Stewart,M,Engineering,40.19118544966252,46.15632220035323,N
Anne Cox,F,History,80.67585610876958,98.37079312866165,Y
Sheila Panetta,F,English,31.250600187245425,68.01023422361669,N
Patricia Alvarado,F,Engineering,42.43100422699963,43.349395407995765,N
Luis Johnson,M,History,52.04654612954153,43.399093841569965,Y
Dorothy Southward,F,Foreign Language,58.77342530938586,55.50353277870181,N
Lisa Bowler,F,English,51.89386502725981,58.18192712320321,N
Frederick Manville,M,Foreign Language,25.539157138957123,69.43507031739688,N
Trudy Robinson,F,Technology,48.75014716806227,74.43273728685762,N
Tammy Holbrook,F,History,44.02744319271814,0.0,N
Garry Bonawitz,M,Medicine,43.20472258790411,36.061549919690236,N
James Jimerez,M,Business,63.640053056178814,86.65566119871691,N
Diane Wood,F,Engineering,71.33240148769413,67.10840508801489,N
Jacqueline Davis,F,Science,56.13468603436038,40.69358945838314,N
Hattie Carlo,F,Medicine,41.20519273245832,80.98508074027903,N
Mattie Brown,F,Technology,62.22305254063784,81.98559262585681,N
Micheal Palumbo,M,Technology,29.17676837529656,79.56789764389693,N
Gerald Thomas,M,English,40.760677308222775,64.65013234292597,N
David Gober,M,Medicine,56.45504292940019,67.95403454133532,Y
Tracy Cox,F,Science,56.43526545975336,100.0,N
Tiffany Jackson,F,Engineering,43.83858669294192,18.038389627766605,Y
Moses Kaczmarek,M,Technology,74.19258612228225,63.05468238201337,N
Peggy Watson,F,Business,61.29591041289763,63.18348420379806,N
Susan Zigmond,F,Business,15.639484455792946,26.731339292849434,N
Edythe Tricomi,F,English,56.91031505626184,86.3203436366428,N
Debra Hall,F,Foreign Language,59.54783404889577,79.12408543979295,Y
Tommy King,M,Art,41.369023215752314,48.81807225518967,N
Ann Watson,F,Foreign Language,29.139925820224704,71.50975706254488,N
Tracy Stone,M,Medicine,76.4378543130857,100.0,N
Jeremy Imes,M,Technology,54.23656814897415,56.59821469592956,N
Pamela White,F,Business,44.94574290932716,89.44440465199219,N
Tony Gonsalves,M,History,41.035621790945086,65.31874343597484,N
Mark Barnes,M,History,34.368375341270095,100.0,N
Denise Swick,F,Engineering,65.69037277480608,71.7036563258392,Y
Brian Chronis,M,Foreign Language,36.69860235963071,78.19663299578576,N
Annette Slater,F,Social Studies,66.41813131782189,72.44023876880551,N
Charles Elgin,M,Social Studies,76.98694245163085,78.4355997160991,Y
Charles Perry,M,Engineering,47.014769494541305,81.9135903539025,N
Samuel Thomas,M,Engineering,50.3105828143211,100.0,N
Noel Henderson,M,Social Studies,52.95670709071996,100.0,N
Theresia Mchenry,F,Social Studies,52.415251143401775,38.50993871882084,N
Annette Blumhardt,F,English,62.85406415572838,60.4995525229203,N
Mary Hayes,F,Technology,30.15969455227933,81.6921852905339,N
Kent Mccray,M,Business,56.61743103600756,72.6301504128088,Y
Lacey Lamkin,F,Art,47.3068622443578,85.0459740046746,N
Christopher Bentley,M,Science,43.21202649233562,76.10134911923085,Y
Scott Buckley,M,Technology,43.89436513903509,29.3487000295244,N
Henry Moberg,M,Science,60.5974939298941,84.69338082086668,N
Janet Howard,F,Science,76.95001650528191,56.46417394645364,N
David Bunch,M,Social Studies,62.24610350468878,62.80850721392608,N
Diane White,F,Engineering,44.76689435570735,98.2481188485923,N
Erin Wiens,F,Social Studies,77.60636821940768,75.38120078414602,N
Marlene Durfee,F,Foreign Language,43.83721313802518,19.952041590949072,N
Alice Schwarz,F,Medicine,76.65731559527964,92.51246592369114,N
Lisa Coley,F,Social Studies,45.973677793261366,52.11146522939471,N
Bryan Kent,M,Art,57.81895305705769,100.0,N
Clifford Nava,M,Business,80.09922917616889,100.0,N
Robin Haynes,F,English,63.03263614210164,100.0,N
Magan Clemons,F,Business,34.991076861715534,88.86534911807101,N
Norma Lynch,F,Medicine,65.97699574065756,59.26268113086691,N
Christopher Gottlieb,M,Engineering,70.30408991277648,23.054215257085254,N
Norma Hess,F,Social Studies,78.66517497354758,85.18103009397966,N
Anne Smith,F,History,28.68652493036261,40.51947253877421,N
Emil Carlson,M,English,56.369219849240835,83.5226600239152,N
William Amenta,M,Science,68.69114545346395,94.1001106266796,N
Jessie Sanzo,M,English,52.033605579558,72.10955092714813,N
Donna Sabala,F,English,53.577951706659604,71.94783407182287,N
Glenn Duran,M,Business,35.637352579669425,98.28494030284097,N
Daniel Ramos,M,History,56.36224498771077,44.397454796026054,Y
Lora Gardner,F,Foreign Language,52.24570744641451,100.0,Y
Allen Brewer,M,Science,39.84817772902707,70.24681022470075,N
Rebeca Dewall,F,Technology,63.583200929251255,38.35764865735386,N
Michael Campbell,M,Technology,61.91247464679098,44.168948995309535,N
Elizabeth Gilstrap,F,English,56.07347181998286,100.0,N
James Anderson,M,Foreign Language,59.26535748011011,38.97373384061843,N
John Clark,NB,Art,51.3334398218885,77.96975045424782,N
Lorraine Kane,F,History,43.91307164602124,87.68323903232509,N
Anita Mohammad,F,Engineering,58.90759572711475,100.0,N
Leroy Pittman,M,History,20.06651574522801,82.93989036314663,Y
Amy Dugan,F,Technology,32.36051773332365,73.43813655219685,N
Brent Brugger,M,Social Studies,49.20716685699385,94.53780730377404,Y
Marie Dear,F,Engineering,50.845801940620106,70.8247318636033,N
William Golden,M,Business,45.40120131425633,100.0,N
George Halverson,NB,English,51.29303166738645,54.20240968877987,Y
Jessie Bernacchi,F,Foreign Language,50.103254295414615,22.224463581351657,N
Willie Johnson,M,Technology,46.88951268586295,92.81614639057763,Y
Alfreda Weaver,F,Science,22.542821539661176,90.1761766410099,N
Charles Ledford,M,English,36.50281615385975,47.29725693757145,N
Matthew Rickert,M,English,60.59765187515084,64.40130989536986,N
Tiffany Nez,F,Science,25.13234283603863,43.808244992411744,Y
George Preston,M,Foreign Language,39.60142541088098,70.79500328426093,N
Katrina Shipe,F,Science,28.303110945168136,54.99830255424207,N
Angela Hicks,F,History,44.74388284767638,60.27710243794098,N
Pamela Hudec,F,Engineering,34.44086214042768,100.0,N
Donna Angus,F,English,27.220214733585063,100.0,N
Eric Mann,M,English,36.92279526221729,77.43790940931922,N
Jill Roach,F,History,38.160203837699676,51.61869436580841,N
Brooke Delatrinidad,F,Medicine,55.67443126461515,100.0,N
Judith Smith,F,Social Studies,46.34204892589978,80.89989305179009,N
Dora Parrish,F,History,61.018714223599034,76.81833504593324,N
Linda Scheppke,F,Foreign Language,49.82849292561482,77.65430283337008,N
Amanda Garza,F,Foreign Language,55.144967330415454,83.50668868795155,N
Margaret Gainey,F,Art,58.56357623000991,54.822377776501085,Y
John Sanchez,M,English,47.148276070308036,87.00392644801235,Y
Robert Hyatt,M,Medicine,76.0665398597626,63.51104504383227,N
Kenneth Larson,M,Science,42.33403131195587,100.0,N
Shannon Floyd,F,History,33.15232551737883,100.0,N
Milton Dowdy,M,Medicine,56.24256695197161,66.65926739208915,N
Mary Young,F,Technology,29.986006256491763,36.5817269879645,N
David Sutton,M,Medicine,40.45073948770923,100.0,N
David Smith,M,Engineering,49.033266699986505,83.48761131368092,N
Donald Taylor,M,Foreign Language,54.23411930740154,57.19684958361319,N
Christopher Sussman,M,Social Studies,42.93122575507006,74.74717208534007,N
Jennifer Wetzel,F,Business,45.86092470493079,41.91860288697203,N
Hubert Thibodeau,M,Social Studies,50.34791576381748,48.28505647762154,N
Ronnie Wilkins,M,Business,49.680415326903734,72.54882575918084,N
Cynthia Trawick,F,Foreign Language,76.62445590746609,65.81319035033577,N
Mary Goede,F,Engineering,65.92763082249368,62.768081600995636,N
Jean Baker,F,Social Studies,44.30056123001748,55.79412335915594,N
Krystal Brenner,F,Foreign Language,64.43333479160513,40.09848384227745,N
Sandra Moorehead,F,English,66.53261922487502,87.83914112298467,N
Anthony Delafuente,M,Social Studies,64.95129916790593,25.463210635079804,Y
Kasey Michaud,F,English,44.164432424552444,93.13923397277088,N
Tiffany Schwartz,F,Technology,42.53515950861761,69.86802821173563,N
Lola Middaugh,F,Foreign Language,58.69712393661034,24.549437810205816,N
Michael Stoica,M,Business,38.609076366131404,39.63149267909119,N
Jose Jones,M,Business,46.151761261090776,65.45429483954162,N
Robert Trinidad,M,English,65.2741191564908,60.672466462058395,N
Virgil Sarkis,M,Medicine,43.773948130550224,84.4133769019306,N
Tina Garrett,F,History,53.87953184681782,93.51387606953305,N
Carolyn Koerner,F,Business,52.82094563510291,90.49255866887009,N
Debra Ford,NB,Science,33.03522938369974,85.42858809493268,N
Clarence Wedel,M,Foreign Language,22.865794398727225,33.626455676154926,N
Colleen Howdeshell,F,Art,54.50308226619453,77.69598917238504,N
Matthew Gregston,M,Art,55.59781828847486,81.58310088889012,N
Keith Smith,M,English,74.00725434498956,45.47628749563676,N
Craig Nesbitt,M,Foreign Language,48.37171941225575,100.0,N
Roman Johnson,M,Technology,48.21915064626088,58.37325761757069,Y
Carlos Miller,M,Medicine,28.880544454702083,96.43624390499305,N
Bradley Arnold,M,English,71.66063508215272,52.41577413945248,Y
Troy Leonard,M,Art,46.4420064156211,73.15664988978293,N
Peter Shephard,M,History,49.7220015065761,64.91317663301575,Y
Holly Pitts,F,Science,80.46713519050915,32.56081891065766,Y
Daniel Lange,M,Foreign Language,56.881110743535814,100.0,N
Christine Lareau,F,History,64.57129909789421,83.02420235751273,N
Thelma Osborne,F,Science,73.83968591775923,48.90750827710737,N
Thomas Jones,M,Science,52.901024707767284,71.26468047037982,N
Barbara Specht,F,Science,67.41165462957271,100.0,N
Karen Azbill,F,Science,45.890348448548636,13.146808013883074,N
Michael Jeans,M,Technology,54.4598037623437,85.87056054771456,N
Ruth Lowry,F,History,32.88144270028019,61.63341850560714,N
Kurt Viveiros,M,Foreign Language,58.08850009134952,100.0,N
Brett Johnson,M,Engineering,51.3403566000349,52.62320471292474,N
Marvin Foreman,M,Social Studies,62.862487835161176,100.0,N
Patricia Harding,F,Technology,55.485759452239954,48.982151152042164,N
Wendy Henry,F,Social Studies,64.89668908706847,74.35268692347921,N
William Lilley,M,Science,59.32352579630178,72.22812771565631,N
Daniel Mize,M,Science,32.92779504231307,69.45244398089955,Y
Nathaniel Olsen,M,History,51.748691905165515,60.68209450091504,N
Samuel Stevens,M,English,16.484241398669667,76.03263940139313,N
Steve Wise,M,Engineering,71.98185670737459,100.0,N
Joseph Dones,M,Technology,57.653029057798896,78.05888604663217,N
Lynn Clark,NB,Technology,41.17714024503563,75.50620000657531,N
Aron Cutright,M,History,72.56627969060031,54.694916527361265,N
Brian Kim,M,Technology,61.60450352411589,57.55788117017532,N
Nicholas Federico,M,Foreign Language,61.609440829799595,96.17043789472874,N
Gary Scarborough,M,Art,26.325101113742644,68.72942324295897,N
Sheila Mccoy,F,History,34.294387431585584,64.1855001546444,N
Toni Pauley,F,Art,50.72476803943073,85.28180960114094,N
Jerry Adams,M,History,46.35431283370144,86.44984721124365,N
Marcus Jordan,M,Social Studies,45.78103351151378,38.48946963273457,N
Julio Winfrey,M,Science,51.03962023653494,43.238480465457805,Y
Desmond Bowman,M,Engineering,41.59201690847284,59.34220530553193,Y
Barbara Moilanen,NB,Foreign Language,54.85013338976536,92.31594088974788,N
Brandy Hay,F,Engineering,42.25687057611674,81.8578396380714,N
Joyce Henry,F,Medicine,49.40093497243299,53.12284721675328,N
Walter Crockett,M,History,74.18177347016353,45.32564686542328,Y
Michael Richardson,M,Science,58.83638170225766,22.77934430997648,N
Heather Murray,F,Art,54.91150364981851,71.65541888296315,N
Richard Pereira,M,Engineering,61.570402394117245,69.22363357872668,N
Gordon Davis,M,Foreign Language,53.832069373979834,63.90122635288552,N
Errol Belle,M,Social Studies,40.52922909821697,91.81767006774864,N
Gertrude Schopp,F,Science,30.61351334456275,53.772705439007765,N
Christopher Rine,M,Technology,67.60714283373039,79.18096270681019,N
Delphine Johnson,F,Foreign Language,27.870475409000306,98.12131837759863,N
Marcus Gomes,M,Art,53.967991825483416,77.65902090531225,N
Andrew Smith,M,Foreign Language,50.82726895640181,78.43620345075158,N
Robert Gallagher,M,Social Studies,53.97857575400678,100.0,Y
Dennis Bell,M,Social Studies,83.33799843908696,81.3004604028698,N
Donald Baker,M,Art,32.44337546593503,62.77273293117472,N
Margaret Irvine,F,English,25.758894249966115,100.0,N
Pauline Boyce,F,History,34.05060962757125,44.974169975544044,N
Nicole Sanders,F,Foreign Language,56.3515575284996,82.0671009490259,N
Charlotte Andrew,F,Science,59.794248429231615,57.19244554809021,N
Tammy Oloughlin,F,Medicine,31.822158123675166,59.10035672753601,Y
Wayne Fuller,M,Business,43.34729172648938,86.8296804241357,N
Scott Cox,M,English,58.10893699905247,78.68666632891305,Y
William Morgan,M,History,49.19280878852102,39.299080600604796,N
Debra Walker,F,Art,43.94739279338171,30.41396417805656,N
Clara Gore,F,Business,16.583356963573003,38.645917610852514,N
John Gavin,M,Engineering,79.22012275646225,59.34085802040356,N
Clyde Dailey,M,Science,27.415774583230146,10.89285173887719,N
Peter Cheeks,M,History,67.45274967407576,100.0,N
Julie Jenkins,F,English,89.57292879735269,56.12532593730263,N
Rupert Millen,M,Social Studies,48.08409930275785,78.5410973777485,N
Ismael Blasengame,NB,English,50.833784900103524,52.25121195926435,N
Jeremiah Dodd,M,Foreign Language,48.747485612959686,61.46030332179161,N
Freddie Brown,M,Medicine,32.401889299914146,62.49411134731998,N
Dale Welling,M,Science,54.47312214041859,82.60492587538175,Y
Ramona Ritter,F,Business,43.96035002601696,86.08324923255218,N
Marvin Bixby,M,Science,71.04324460829048,66.8057123981447,N
Otis Mcdill,M,English,39.858227786119166,61.095334243771035,N
Bonnie Smith,F,Art,45.78785067503226,73.64121992440558,N
Jennifer Kindl,F,Social Studies,47.130145811151124,39.01826005515715,N
Christina Sabin,F,Art,47.92462408151806,50.11982114710786,N
Stephen Collier,M,Engineering,46.31210295646435,70.45439435179105,N
Anthony Dennis,M,Medicine,53.891185217934755,77.99654772564871,N
Asa Brown,M,Science,56.53573205370188,65.54801855813183,Y
Glenn Louis,M,Business,40.5795443153877,64.24171928182298,Y
Brian Mcdaniel,M,English,61.92708560564156,73.71016245429155,N
Israel Phillips,M,Social Studies,67.359401163701,60.35889467919882,N
Maria Bradberry,F,History,35.52474977730845,65.80038636133966,N
Emanuel Carrier,M,Medicine,64.52622509799914,94.85106241942655,Y
Laverne Stafford,F,Social Studies,54.08134747652414,65.11426310994487,N
James Commodore,M,History,42.126750250355315,26.12574035377768,Y
Greg Johnson,M,Art,56.330793737517055,46.42789513929796,N
Bradley Travers,M,Social Studies,23.608262898405926,89.85030825991308,N
Helen Brown,F,Engineering,44.40627746915774,75.13616463898505,N
Thomas Vargas,M,History,35.58494441185054,82.08525572452014,N
Michael Browning,M,Engineering,45.505523302217654,81.99462375487836,N
James Patel,M,Engineering,28.66862552440218,69.39042073578157,Y
William Murphy,M,Technology,32.86581742904262,82.09096969534095,N
Scott Boyer,M,Foreign Language,62.266524255960405,78.12619194991557,N
Reyes Joiner,M,History,57.28734352844074,75.58183035678313,N
Fannie Huff,F,Engineering,43.50243114254649,95.32793209396013,N
Phyllis Wilder,F,Engineering,61.34562217307529,36.422148591254924,N
Jodi Hasson,F,Art,21.96822806190311,71.83104359491668,N
Donald Williams,M,Art,45.874964599234836,100.0,N
Sharon Parris,F,Foreign Language,63.54688423463679,68.80638916902303,N
Diego Thompson,M,Engineering,60.061646538685864,92.98907198254469,N
Beulah Martin,F,Foreign Language,57.04860410168912,70.9204860835204,Y
Howard Clark,M,Engineering,36.072787765380184,11.039869090073132,N
Helen Bailey,F,Medicine,51.58748613025996,87.69070551358395,N
Edward Boyle,M,Art,17.844328603087796,85.56369863301282,N
Willie Neely,M,Technology,35.381666797658724,48.52813049200586,N
Charles Williams,M,History,36.353642900654506,98.62723508322793,N
Andrea Ford,F,English,48.481858402436316,99.83796930698507,N
Jaime Johnson,M,Business,28.07573144893208,80.85202006526377,N
Jennifer Ponder,F,Social Studies,67.34664542404565,100.0,N
Travis Whiting,M,History,47.945887567716966,48.79962997142185,N
David Douglas,M,Engineering,27.886612434552315,100.0,N
Manuel Davis,M,Science,32.51417968323222,95.82898170673272,N
Dewey Mcdaniel,M,Art,36.66740956154824,83.81050005882877,N
Harold Coates,M,Foreign Language,17.207957247464,69.33173024672442,N
Song Morales,F,Medicine,29.640815580850703,100.0,N
Randy Campbell,M,Science,39.873860884377535,36.995038702407534,N
Michael Pimentel,M,Medicine,63.16411723984458,73.40138490199134,N
Jean Thomas,F,Art,71.97572865245203,73.16159582294009,N
Birdie Vaughn,F,Engineering,37.97174807087509,52.58158033985005,N
Lily Redford,F,Engineering,42.899242458159335,83.50341565690564,N
Henry Thorson,M,Science,27.27847760082282,79.52742502483184,N
Annette Tripp,F,History,46.01400144405232,52.288119406196536,Y
Lynda Bew,F,History,36.397780421935096,97.52206104319485,N
Robert Concepcion,M,Business,90.60062775849134,21.368981519314737,N
Anthony Thorne,M,History,56.766316848833036,75.43845809776957,N
John Russo,M,Social Studies,62.31990957453384,68.83411849217094,N
Anitra Billingsley,F,English,28.2565579899345,99.71638137412066,N
Penni Deldonno,F,Medicine,27.41479257662054,46.866508679174565,N
Emerita Bennett,F,Art,44.009694628647566,60.32769573201759,N
Joe Roby,M,Art,59.19332246774183,15.630467596558802,N
Thomas Marx,M,Technology,64.13683046336932,62.49095724519905,N
Janet Brown,F,History,49.970979044866795,68.69751000070357,N
Matthew Beyett,M,Science,55.458646448292306,76.00857401703684,N
Verna Pooley,F,Science,73.69577003111392,60.645856181534626,N
Gary Reardon,M,History,69.32345025044827,56.53147038685493,N
Steve Goss,M,History,52.88170745740087,62.69807925190925,N
Louann Camel,F,Engineering,59.48033072571837,46.0842651327652,N
Raymond Nabors,M,Science,48.89766582783947,97.71749481541559,N
Nancy Barker,F,English,34.37578099115607,100.0,N
Esther Morton,F,History,39.629225683661524,76.47118089200279,N
Paul Rael,M,Social Studies,40.314176328631675,59.90779738013454,N
Mark Toman,M,Social Studies,63.40678934137688,57.519726746624514,N
Olimpia Waldo,F,History,46.64738416127044,42.51710787543168,N
John Tate,M,Art,29.03966159491377,77.57679465767166,N
Regina Chen,F,Technology,62.1241997571648,46.095446631787496,Y
Christopher Lampron,M,Social Studies,26.932522450759173,55.33324154490304,N
Leo Gegenheimer,M,History,72.77255967789124,33.71918291176738,N
Robert Carlson,M,Science,21.349332348986483,56.5392693537716,Y
Steven Jackson,M,Medicine,44.73625659094061,85.73387070385584,N
Mary Mccray,F,Social Studies,49.75764711100355,55.823830014409836,N
Louis Griggs,M,Science,46.36910145513195,30.1387737669423,Y
Bradley Thompson,M,Foreign Language,56.69936914448766,73.20692015718814,N
Kenneth Anderson,M,Technology,58.72589346859523,96.79375784689866,N
Jerome Upton,M,Social Studies,41.287244697954904,37.31890354596233,N
Jessica Cook,F,Technology,68.18002898654265,97.86507107129367,N
Ryan Cole,M,Foreign Language,47.33755183138719,82.65478410299153,N
James Schrunk,M,Medicine,44.692546025724006,89.93760852096952,N
Timothy Moyer,M,English,40.96608048323593,100.0,N
James Hirsch,M,Engineering,27.150530605914636,73.48171716684831,N
Thomas Coppola,M,Business,62.810019446109905,94.83919986055429,N
Brad Berdan,M,Social Studies,21.639201068949923,55.85584561825132,N
Robin Mcconnell,F,Technology,57.12470380703651,37.86998710913035,Y
Deborah Montgomery,F,Art,42.89165422301913,46.59051741127861,N
Florence Sieber,F,History,52.64618750167742,32.13903251683504,N
Sandra Bennett,F,Foreign Language,30.68257523651877,0.5569720690176609,N
Edgar Cook,M,English,65.64254599690474,82.57734095403482,N
Tyler Johnson,M,Business,45.23558579850466,22.82788774001206,N
Craig Pasley,M,English,52.792049678763576,58.77054214160346,N
Earl Brown,M,Engineering,44.74270755326894,61.50144297625967,N
Caitlin Kuebler,F,Art,73.47746944684101,40.03010908164047,N
James Mejia,M,History,62.60127810463476,90.28930065506941,N
David Marshall,M,Foreign Language,55.75012852157388,70.6604610746777,N
Kurt Jones,M,Engineering,30.25233216728377,74.27613959159008,N
Betty Kutscher,F,Science,71.43303203636349,83.61345483354674,N
Jeffrey Young,M,Technology,66.41883957492148,84.61221098554762,N
Carole Mack,F,Engineering,50.7524521528514,67.74182067365783,N
Kenneth Flanagan,M,Business,58.29670296202981,46.02554882004351,N
Esther Wheeler,F,Foreign Language,36.7741935424899,93.0955536157761,N
Lue Thomas,F,Art,51.11292799310043,74.60976633320831,Y
Avery Barth,M,Science,39.846661382468504,93.76824672062077,N
Lynda Ladd,F,English,74.4684091669188,83.08285569675391,N
Gary Livingston,M,Social Studies,30.96103306456155,67.82090706197839,N
Brittany Burrows,F,Foreign Language,69.14803600430263,81.56478719150829,N
Sadie Evans,F,Foreign Language,36.90663805626663,12.63709226751454,N
Jesse Oconnor,M,Business,46.79452950509731,95.70142447191607,N
Lamont Samaniego,M,Science,36.344301418495064,57.03656803327879,Y
Darrell Harry,M,Social Studies,78.94496613632523,88.05822167286058,N
Mark Tippin,M,Technology,62.02522404569964,27.289070862563634,Y
Zachariah Wehrley,M,Business,45.22779386933762,72.34253562604677,N
Pat Labarbera,M,Engineering,21.582681908534735,88.46416472856245,N
Erica Rodriguez,F,Engineering,64.21328410892622,64.26791904662747,N
Addie Blackman,F,Engineering,44.13998324352272,100.0,N
Cheryl Masuda,F,Engineering,47.19484102260436,84.35550562434751,N
Jean Chambers,F,Science,46.72702290030954,84.78019435047824,N
Dana Esquerra,F,Engineering,40.262126169380764,18.402519397830943,Y
Dale Salinas,M,Engineering,56.130559027058595,63.72711239843087,N
Nancy Turpen,F,History,44.4769795606362,100.0,N
James Becker,M,Science,53.51791253297321,93.789081871475,N
Barry Kinstler,M,History,67.86666883160348,73.03622327103555,N
Thomas Walker,M,Business,55.221279209982065,25.324053486693742,Y
Joan Root,F,Social Studies,46.85184932276212,66.19248040825775,N
Janet Bridges,F,Business,18.382955997297255,50.73658789053641,N
Leslie Tipton,F,Business,55.80096422449076,100.0,N
Sue Latham,F,Art,70.70392783358598,47.94133198356585,N
Jaime Wolf,M,Foreign Language,55.14862008948738,99.63834909286514,N
Robert Prins,M,Technology,42.56229392174542,100.0,N
Jim Stephens,M,Foreign Language,59.99856159436386,28.19062591466679,N
Jacqueline Rogers,F,Social Studies,52.54759141845185,66.29281732739628,N
Lucille Korewdit,F,Technology,15.273643975372394,84.34548450725038,N
Althea Tompkins,F,Engineering,32.77032284790705,100.0,N
Lori Arnold,F,Engineering,33.83021881073448,71.23471604480123,N
Marvin Cannon,M,English,47.63093023460339,68.09239503975809,Y
Bart Mcglothlin,M,Technology,43.87634306876147,100.0,N
Ben Noel,NB,Medicine,76.80904846074172,100.0,N
Jane Santos,F,Business,62.509264905578036,56.17404012811023,N
Bonnie Edmonds,F,Art,54.10917110682431,59.03966425550438,N
Jason Hawthorne,M,Technology,16.22752881199665,58.28861611613915,N
Sung Weekley,M,Social Studies,43.405142845806026,72.54473160200781,N
Luz Hofman,NB,Science,49.06692945778265,93.92786000413363,N
Morgan Soto,M,Medicine,56.87233958710689,54.41143172301031,N
David Abbott,M,Engineering,35.103554281019896,54.948392672999944,N
Emilie Betz,F,Science,54.43781744502558,64.04753157109187,N
Julie Heard,F,Business,44.46574555675957,43.68343094390224,N
Ma Penna,F,English,58.115953802178836,82.17063992345771,N
Carl Alfaro,M,Social Studies,46.75293239624103,76.96130356900952,N
Ray Mitchell,M,Foreign Language,53.053526373402896,94.66291240253246,N
Kevin Kincaide,M,Science,60.46935182049115,84.4603120596886,N
Gary White,M,Business,53.42200007042205,73.4353085453142,N
Tony Hill,M,English,53.91496450732513,81.70479013909177,N
Susan Aderholt,F,Medicine,39.04736254475415,52.55993123404999,N
Dawn Clark,F,Medicine,20.297482155163856,65.77506356513133,N
David Reels,M,Technology,62.0600864515546,73.38933945815594,N
Marcellus Hancock,M,Science,25.632491273376964,89.26281995737614,N
Larry Ruffin,M,Art,52.5945027535943,100.0,N
Joseph Wagers,M,Medicine,54.60817900270447,75.6435297030021,N
Loraine Reed,F,Foreign Language,54.347747267088764,57.23330893604472,N
Samantha Swanson,F,Engineering,47.606632070395,71.22689942745345,N
Maurice Dorris,M,History,44.310055039466036,99.7446653006669,N
Thomas Rodriguez,M,Social Studies,67.66032694763732,81.28554671300361,N
Delpha Swanson,F,History,34.593311776539004,83.55097994327434,N
George Bezio,M,Technology,65.72882758255116,37.679493339982905,N
Susan Sherrod,F,Art,30.199461487657317,34.51700654995625,N
Margaret Porter,F,Foreign Language,53.833393785359426,57.594225940406425,Y
John Croft,M,Foreign Language,54.06620405682226,51.91466146387283,N
Leslie Hargraves,F,Engineering,50.08437892233096,89.02080485381649,N
Martha Mahon,F,Art,53.62966124933088,61.876196690633506,Y
Shawn Bailey,F,Social Studies,54.92418357798081,8.673756006098223,N
Bernard Pagan,M,Social Studies,53.90278986096544,60.563158530875015,N
Brooke Smith,F,Foreign Language,62.00221144157807,79.6060040035891,N
Martha Doughty,F,Art,21.244987888681543,100.0,N
Donald Jefferson,M,Social Studies,40.83771855114978,84.19056364562364,N
Kenneth Mccauley,M,Foreign Language,58.00103386772985,75.4279892593755,N
George Billotte,M,History,36.745740455200476,43.7983285802794,N
Miguel Penny,M,Art,61.312448319408986,85.80344600877856,N
Norma Noggle,F,Business,65.90030175207882,60.16095702464243,N
Angela Booth,F,History,6.848007619127351,72.55982992196527,N
Theresa Howard,F,Engineering,46.50017385606006,56.49758088644908,N
Donald Lester,M,Social Studies,45.42835080575986,96.7491358177461,N
Don Oneal,M,Foreign Language,35.71223465405163,44.37368505390928,N
Albert Leitner,M,Technology,61.19307260566612,63.58100068629106,N
Eugene Gomez,M,Engineering,46.82130718477866,64.68015068025717,N
Melaine Gorder,F,Medicine,39.351222507452604,46.69856498653136,N
Mary Deen,F,Social Studies,71.39840327886336,53.84863112643652,N
Dorothy Holtmeier,F,Social Studies,47.842945750386725,57.55252495855542,Y
Richard Sanders,M,English,55.73675002677239,83.5858960376689,N
Mark Brigman,M,Foreign Language,44.35861233902242,100.0,N
Nancy Brandes,F,Science,47.16002786550173,40.58712167286504,N
Adam Wallace,M,Medicine,55.816340948913385,59.70875998189362,N
Edgar Barry,M,Business,50.01618127624546,99.69688838673389,N
Perry Geimer,M,History,59.7124743880813,100.0,N
Harry Mccue,M,English,42.98419960366621,61.376647960543465,N
Sandra White,F,Business,53.073996780075866,70.33500687007466,N
James Schnakenberg,M,Technology,55.768334143072074,94.6740845307141,N
Linda Steckler,F,Business,77.40242284989715,77.2747954590315,N
Amy Shelton,NB,Technology,44.35073283812825,38.12640462377648,N
Keisha Martin,F,Medicine,77.81391179216718,58.14855058861976,N
Cory Crew,M,Science,48.57485924289329,72.76014289740759,N
Kevin Pease,M,Engineering,47.092826705821295,18.4581455828488,N
Jarod Graham,M,Business,61.235570886749265,100.0,N
Cheryl Moore,F,Engineering,63.24583919658149,98.53805610829941,Y
John Lemaster,M,History,72.42899606934299,66.1904722110164,N
Megan Galloway,F,Art,14.021631240298184,91.94937382121799,N
Leo Jewett,M,Medicine,68.85871343704143,100.0,N
Steve Graham,M,Medicine,38.77720916312384,74.19484245261397,N
Joe Fitzgerald,M,Technology,48.56516185925828,100.0,N
Charlie Hiller,M,English,36.38494351049983,69.94000179210151,N
Timothy Gallagher,M,Social Studies,73.47683821167803,4.186553216650438,N
Sharon Poole,F,Science,35.950845550052286,44.730292119390384,Y
Herbert Lachenauer,M,Social Studies,47.826994805701794,74.63850020753316,N
Maria Vanorden,F,Science,37.811814239937796,49.06940341470623,N
Shawn Partin,M,Foreign Language,47.80028406628735,100.0,N
Dennis Wright,M,Engineering,54.454316987656306,100.0,N
Lydia Rangel,F,Engineering,68.15164255650583,86.81693017562682,N
Matthew Cole,M,Business,57.30466047611196,52.87088899308906,N
Felix Acuna,M,Business,50.17581563094438,56.498053468936746,N
Jeffrey Dunlap,M,History,66.28032792029965,73.62772923992954,N
Darrin Farmer,M,Medicine,36.69942482815866,100.0,Y
Irving Dobson,M,Business,42.62955281049501,38.89102118207239,N
Archie Macnab,M,Science,57.750525788148934,70.69512509764519,N
Timothy Pascua,M,Engineering,31.38570341874055,44.44497948214249,Y
Norman Cumberland,M,English,53.51022787134495,100.0,N
Karen Swatzell,F,History,36.310518217116005,44.51350707260597,N
William Blevins,M,Technology,65.68360824207562,34.56152267949308,N
Lucinda Cummins,F,Social Studies,66.6741657733865,96.74021507949674,N
Buford Corbett,M,Foreign Language,45.72773628214876,61.64981995467897,N
Jeffrey Lintz,M,Science,66.78229344174734,39.67774018573472,N
Josephine Curran,F,Medicine,43.835298396997686,11.331110685775407,Y
Karen Randolph,F,Art,47.33450623395755,40.0507937172157,N
Leonard Mobley,M,Technology,54.613355212695446,100.0,Y
Logan Mcdonald,M,Social Studies,54.84287315416356,83.16740363430122,N
Kevin Moore,M,English,45.306784204636045,10.202288719548484,N
Tera Kwok,F,Medicine,32.913896814553844,94.00051972950254,Y
Tammie Garcia,F,Business,43.25085001664614,21.4220811636373,N
Damien Grisby,M,Science,27.860996687441144,82.82671877222741,N
Joseph Wawrzyniak,M,Technology,22.489647936713677,73.68238584413524,N
Michael Medrano,M,History,33.45813087261152,53.57989609399232,N
Charlotte Thompson,F,Engineering,60.07773424061778,65.86748194693794,N
Christopher Mcgill,M,Science,12.669261847772972,37.344337718256966,N
Janice Stevenson,F,Technology,49.213686624133146,91.17518834497989,Y
Jeffrey Lett,M,Foreign Language,51.524442261010364,84.95735807227675,N
Rose Perry,F,English,61.608954400174426,58.51366165262725,N
Ulysses Wilcox,M,Social Studies,54.853292461492764,68.44727833701481,N
Glenn Rider,M,Science,34.140255766780356,45.78861015919426,N
Norma Hernandez,F,Science,66.34693833797377,76.57381654302473,Y
Angela Molina,F,Art,40.39524815436374,42.19086648500917,N
Jarrett Smith,M,Art,54.46837956250397,52.72540703545207,N
Maryann Dostal,F,Engineering,45.99868720030004,80.48188543373583,N
Irwin Manning,M,History,23.64783375493973,60.26635462827485,N
John Prado,M,Business,29.177831303892305,71.63836235497556,Y
Garrett Clarke,M,History,50.91616437429104,82.39730213296905,N
James Schmidt,M,Foreign Language,62.32112284078499,95.9638857222279,N
Thomas Jensen,M,Business,38.73983560200381,51.25810160795811,N
Beth Masterson,F,English,53.32861437463777,80.49815962746379,N
Sean Peterman,M,Science,32.1071976618914,92.03896863276306,N
Patricia Brantner,F,English,63.593468997261894,89.06146265115478,N
Latanya Baham,F,Social Studies,72.26764953163469,21.438207665788532,N
Felix Brown,M,Science,42.39330841955784,95.04800716964613,N
Charles Ly,M,Business,50.89855872225684,44.615428352562404,N
Donald Gatling,M,Foreign Language,37.74662251108119,67.59122480318331,Y
Richard Sweeney,M,Social Studies,65.44854025566268,89.65017959026989,N
Sharon Harris,F,Art,48.9554746891397,58.570101753609976,N
Walter Buss,M,Technology,22.99703287612956,21.49539273815192,N
Helen Cooley,F,Science,39.51614475259835,67.2204603268972,N
Letha Cotton,F,Engineering,58.353468766316425,62.825952233092394,N
Thomas Brown,M,Art,73.12160123966213,39.35248385863881,N
Dora Farah,F,Business,59.51266830354371,69.94220404343949,N
Christine Baxter,F,Medicine,50.92621989582671,78.86125960519384,Y
Margaret Hoover,F,Science,70.72157949652541,81.05726678152918,N
Joy Matthews,F,Engineering,27.91159912254567,52.95842022046328,N
Dorothy Chalifour,F,Technology,51.6804983852636,75.06070756653264,N
Eldon Hernandez,M,Science,30.87044877536821,66.89714316920784,N
Mark Smsith,M,English,46.39618696316379,91.85558783600646,N
Donna Killian,F,Engineering,29.2062035696258,61.435667072550515,Y
Ernest Dirks,M,Science,49.28930715607993,35.391233129067096,N
Cristal Cain,F,Foreign Language,66.9486598329347,70.92301982755578,N
William Berg,M,Engineering,49.571433828499565,69.8807072842576,N
Alicia Birkline,F,Art,75.94037430703793,92.77247306886176,N
Michael Cox,M,Art,69.01745825869945,89.44464953619257,N
Patrick Wiggins,M,Technology,47.77338353631474,100.0,N
Geraldine Czelusniak,F,Technology,23.428747192988393,74.8276011854013,Y
Sharon Augustine,F,History,33.215998710460525,45.729168228704815,N
Robert Mcalpine,M,Foreign Language,28.291159525937406,60.45259591206065,N
Richard Sanchez,M,Science,41.32652555990788,68.33626006207392,N
Carl Kidd,M,Engineering,52.0690846296366,100.0,N
Lorenzo Sullivan,M,Art,48.01027325561394,80.87795059888802,N
Howard Benny,M,Business,46.63623405416457,100.0,N
Christopher Addison,M,Art,53.376745870132524,27.847205577455377,Y
Anna Smith,F,Engineering,25.877968283734653,38.464287731872055,Y
Ami Olmos,F,Art,51.688398010060126,67.44040688881613,N
Louise Love,F,Business,70.75760234339273,76.45325755775545,N
Lana Hollack,F,History,51.02629416931869,63.4676167005503,Y
Sean Mcgregor,M,Technology,56.111843320347376,46.295015183108234,N
Troy Troublefield,M,Medicine,18.2474459867799,18.517973317581166,N
Barry Booker,M,Business,60.38991296833734,54.674214027639266,N
Shirley Gallardo,F,Foreign Language,52.84659279993027,63.48163922032474,N
Brian Ricketts,M,Medicine,58.72953854718467,100.0,N
George Small,NB,Science,51.65696417666514,100.0,N
Richard Mcmillan,M,History,40.99771653095082,28.506689874907067,N
Mary Hamilton,F,English,69.58785937031175,79.83967965296817,N
Edward Allen,M,Medicine,60.90146901360546,76.83613238343314,N
Betty Jackson,F,Art,56.44936724434736,96.29422796913288,N
Elaine Hertler,F,Art,53.67804876981271,92.25699967006332,Y
Harold Ehrisman,M,Foreign Language,67.37858288622112,54.32394655295954,N
Christopher Moore,M,Business,55.15587910785332,54.356992189092985,N
Clyde Slattery,M,Foreign Language,65.90711159197099,77.78600688503545,N
Judy Nelson,F,English,31.531284845147667,22.12786312712324,N
Janice Rosa,F,Foreign Language,45.63713934845414,32.628132491171584,N
James Buendia,M,English,56.29501807415903,100.0,N
Joanna Johnson,F,Medicine,52.29201195752078,77.78183363048295,N
Steven Knesek,M,English,67.08510293683192,35.350125310907465,N
Crystal Piraino,F,English,52.69691244957663,0.0,N
Randy Bird,M,History,41.42169736590749,54.542879631851896,N
Anthony Riggle,M,Science,58.20801628622845,35.156137508503,N
Doris Mathews,F,Science,37.82862193110554,61.066426167192844,Y
Heather Campbell,F,Foreign Language,47.34985082218419,64.21193621715959,N
Peter Acree,M,Medicine,30.47548901223706,83.3721382225818,N
Matthew Pastor,M,Social Studies,66.7584816868498,27.620141082665064,N
Michelle Mandeville,F,History,36.7357009417405,61.19391373814612,N
Kevin Lodi,M,Social Studies,41.83947336247237,24.46108957245334,N
Ann Thompson,F,Medicine,28.434838590650752,33.549706496427056,N
Peggy Gray,F,Technology,35.22529204298162,92.56942622908258,Y
Gregory Allen,M,English,41.96710646574161,94.25996146271827,N
Pamela Cox,F,Business,67.12867018997196,84.38996938912295,N
Calvin Aguilar,M,Technology,43.08186779509633,56.33587874185067,N
Angela Koontz,F,Science,56.830247938247666,37.35962397034795,N
Angie Manning,F,History,45.87215006354755,95.57396742364075,N
Carl Fryer,M,Foreign Language,86.35896075661046,52.86422038449234,N
Gretchen Wright,F,Foreign Language,48.45401696720858,83.3207098898447,N
Florence Bell,F,Foreign Language,77.22863086923277,94.14009053503064,N
Stella Ashford,F,Engineering,38.01908449498419,57.19232126624965,N
Michael Cameron,M,English,65.13510327739404,55.00065057195068,N
James Lund,M,Business,57.076591203153846,82.62822235830397,N
Dorothea Sirwet,F,Technology,33.640402957813066,86.07068252059497,Y
Carrie Hibler,F,Science,23.72447990303233,95.16105919253987,N
Louis Fischl,M,English,32.807520776937324,62.457231972732494,N
Myong Rose,F,History,54.72013201362742,76.76158101766684,N
Tiffany Denny,F,Engineering,42.065345473757745,92.73958160714945,N
June Price,F,Technology,29.19181115086711,74.11163146050296,N
Janice Boone,F,History,47.07006998542675,43.78585012421654,N
Imelda Bailey,F,Foreign Language,59.05891822623269,100.0,N
Mary Therrien,F,Engineering,60.99807248023636,100.0,N
Kenneth Atkinson,M,Art,57.518567629234816,41.461131748148915,N
Mai Reyes,F,Medicine,58.77890742636488,42.7886428299955,N
Ruth Ramos,F,Science,20.69388573170586,60.07622837723777,N
Lula Hendrie,F,Engineering,43.538488057220626,74.3754242570944,N
Elvira Javier,F,English,51.71020753649489,44.6159646222915,N
Anna Stanford,F,Art,52.67236867739207,34.90817472212439,N
Bradley Rader,M,Social Studies,72.02925568770988,61.8086675058844,N
Mary Boyce,F,English,51.11510249443041,87.80957247721315,N
Leah Clark,F,Medicine,49.45795531622632,36.33309774553476,N
Amy Walker,F,Science,52.67433906022543,74.96431260782109,N
Laurel Brook,F,Social Studies,54.68115394042965,81.95539311433075,N
Mary Melton,F,Business,65.15478400785308,100.0,N
Daniel Evans,M,Business,51.14492369651506,79.93670162946766,Y
Maybell Murphy,F,Technology,24.96283799669642,13.762898721797384,N
Jason Dore,M,Art,47.84951429797896,68.14845412101364,N
Heather Corcoran,F,Technology,15.261596378657757,71.96205888461631,N
Victor Gooch,M,Art,50.888760758348404,85.68709872457077,N
Marilyn Baggett,F,Art,46.56162826510369,66.5241588109348,Y
Carrie Ceron,F,Engineering,49.18666408888804,85.77569549777304,N
Nancy Imhof,F,Art,48.327719012448384,45.35826596261161,Y
Tracey Hegg,F,Foreign Language,60.87458187121142,55.08998598618318,N
Lee Humann,M,Science,59.436323652049076,57.01577429097095,N
Shannon Smith,F,Medicine,44.05523981113722,73.91091170066228,N
Patricia Ripson,F,Foreign Language,39.344772693022755,90.92385735030497,N
Lillie Martinez,F,Art,54.50090261905865,89.92451106202182,Y
Tom Fry,M,Social Studies,28.303993923925564,99.67744377246713,N
Janice Taylor,F,Social Studies,60.279237874673974,20.069603881158216,N
John Szymczak,M,Technology,16.620130617148632,72.91237887128737,N
Patricia Morrison,F,Social Studies,57.40552157276927,79.31361569760637,Y
Robert Ipock,M,Social Studies,54.4272797555108,72.64769121780242,N
Derek Carrillo,M,Medicine,37.25141513223127,86.10797981835691,N
Gail Perez,F,History,44.24146825146235,100.0,Y
Ricky Rodriguez,M,English,39.12377321428133,74.08826910946543,N
Jacqueline Marshall,F,Science,72.43636547302253,68.11602059669323,N
Peter Judd,M,Medicine,44.731990207281264,100.0,N
Deidre Garcia,F,Science,70.8081927104172,62.38432796516335,N
Floyd Kantor,M,Social Studies,54.98936347594275,68.06135209768713,N
John Linville,M,History,61.92091341268638,32.002232707866575,N
Brandon Aranda,M,English,32.39566064877417,62.27770395151428,N
Kathy Lee,F,History,26.299842144055834,19.537746412560764,N
Lewis Harmon,M,Art,51.920500683248285,85.29323288102468,N
Mary Burgess,F,Technology,35.944320143255766,100.0,N
May Phillips,F,Foreign Language,29.72631757600189,98.32707789120813,N
Justin Hilliard,M,Social Studies,42.92012764059112,78.5533367065363,N
Amanda Anderson,F,Art,84.66252683014926,51.95779455806343,N
Frank Thompson,M,Foreign Language,40.222959660195414,52.2467131661698,N
Alfredo Otoole,M,English,69.5476587393324,100.0,Y
Junita Rodriguez,F,Art,52.99062187471111,57.590323360990325,N
Gloria Klingenberger,F,Foreign Language,49.6684189138467,91.77006575701625,N
Helen Anthon,F,Technology,43.733386391213735,61.60379613951586,N
Bobbie Grizzle,NB,Engineering,50.29097402199877,28.112668584495793,N
Cheryl Durant,F,Business,57.55020759150178,100.0,N
Octavia Houseknecht,F,English,37.389379924581476,85.783375878688,N
John Howell,M,Art,55.30300929205396,71.8737937295726,N
Mark Barnes,M,Business,48.068662933913714,69.36739940055503,N
Janet Gray,F,English,29.705542271474812,78.0758410525287,N
Edward Grimes,M,Social Studies,54.29337539451955,60.3282355537921,N
Beverly Howard,F,Technology,62.467996859481765,71.33962544574341,N
Long Westmoreland,M,Science,71.86146481760814,73.89931905903484,N
Adam Bernier,M,Science,62.83077819763143,34.02237904450344,N
Daniel Manning,M,Social Studies,40.884005166646645,40.94381796544968,Y
Robert Hurst,M,Technology,46.25697299034237,98.99858871574841,N
Patricia Greene,F,Engineering,66.1524763140094,100.0,N
Woodrow Newman,M,Art,42.94961192304042,93.33012170610667,N
William Boyd,M,Social Studies,29.281777837543398,71.34558139458291,N
David Paddock,M,Business,41.695306376611505,100.0,N
Larry Waldo,M,Business,38.448547540899526,26.778754631692713,Y
Barbara Moller,F,Business,42.520128721034624,89.05706060245758,N
Harold Johnson,M,English,64.50375038104177,39.590091515399514,N
Amy Vidal,F,History,52.04649342746082,83.28797250911087,N
Roy Grainger,M,Art,65.30619055841012,90.88540324357238,N
Elijah Ruby,M,Medicine,49.067058230980265,61.21194098749728,N
Robert Mosley,M,Social Studies,46.55475343637758,93.56015236437364,N
Cindy Gess,F,English,51.2758919041301,96.26822610517348,N
Cherie Murrietta,F,Social Studies,35.69763208606186,87.38619392218375,N
James Jolin,M,Business,70.97759073314386,85.17466359094635,N
Brad Pepin,M,Technology,63.535881971766116,71.86591768453033,N
Kelly Lingo,F,Social Studies,73.46772680740635,92.19369894151178,N
Thomas Haynes,M,Art,53.735053934756245,63.25590709498381,N
Linda Gatewood,F,Technology,49.84490529649673,64.2248689893943,N
Shana Torres,F,Art,65.07714954658914,98.79412623023468,N
Leo Sallee,M,Medicine,62.87315168714902,100.0,N
Darnell Mattson,M,Technology,45.42800569010806,53.36480810492057,N
Paul Haas,M,Science,39.81386629127961,100.0,N
Michael Felipe,M,Art,53.25502932981832,75.3838633620709,Y
John Cote,M,Foreign Language,25.88996128753234,83.30476799461688,N
Frank Velez,M,Art,22.841299022578138,100.0,N
Nadia Gallaher,F,History,67.20244504569423,55.88461371664707,N
Rebecca Wittner,F,Social Studies,74.42788892529866,61.24951150550269,N
Linda Hammon,NB,History,59.76755462783282,35.35839681114407,N
Russell Pimental,M,Business,79.85423335813277,100.0,N
Misty Walker,F,Science,60.72989868987527,63.27170303286511,N
Lester Morris,M,Engineering,70.74683082604868,96.99484816778428,N
Tyler Rice,M,Social Studies,52.9079769687241,71.43439673484498,N
William Bastianelli,NB,Science,48.38973794212796,56.80468021227248,N
Rebecca Engler,F,Technology,43.8952475777568,79.647446802995,N
Jeremy Compo,M,Art,40.25870761578452,100.0,N
Elisha Wood,F,Foreign Language,37.032534712972016,60.685532414162004,N
Kenneth Flowers,M,Technology,80.77012952872013,47.53989569759008,Y
Philip Agee,M,Business,60.571586377899486,93.27284087352699,N
Ginny Pierce,F,Technology,67.81925622897572,66.74860879062605,N
Jack Blake,M,History,53.106057005220094,68.26601869797237,N
Michael Hill,M,Science,34.86026378261024,78.46486494855557,N
Odis Brannan,M,Engineering,54.256009841288375,57.52855322772905,N
Kenneth Eaton,M,Foreign Language,49.36295193685499,88.40548490313583,Y
Samuel Dupree,M,Technology,64.97209694159595,45.55335594561723,N
Todd Taylor,M,History,75.68677353742768,31.117694706013694,N
Cecil Owen,M,Social Studies,55.848153368314414,69.32757063397776,N
Amy Snyder,F,Technology,60.79362787590402,94.91247413849963,N
Dewey Jones,M,Engineering,50.45956931992673,57.610312343218126,N
Terry Garcia,M,English,45.69106359653536,24.756885296783572,N
Marcus Lee,M,History,38.92046900318935,63.34616396307393,Y
Hannah Hensley,F,English,55.29109971924126,90.94426764821901,N
Deena Taylor,F,Foreign Language,48.8804915064485,51.114660813092314,N
Tanya Ballas,F,Social Studies,48.97316658281079,80.22492238724502,N
Dwight Ward,M,Science,43.61539085940894,77.38773632824311,N
Aaron Sigala,M,English,52.295507086799695,44.21443290963928,N
Terrance Korsmeyer,M,Medicine,68.26015140657643,62.70167602349423,N
Sonya Lard,F,Technology,45.480606063251614,65.80508608791422,Y
Gerald Roach,M,History,40.519027542683965,73.24502059523329,N
Lori Perry,F,Social Studies,62.0597409431991,72.80463133557149,N
Jason Gray,M,Technology,47.944616814788176,74.49806395219974,Y
Byron Saldana,M,Medicine,43.36019567711225,84.39693129731084,N
Janice Valenzuela,F,Engineering,34.70642346437866,60.87478715899522,Y
Martin Best,M,History,63.876940988331455,69.48639643544935,N
John Bertrand,M,History,26.931577867300355,88.218516824765,N
Lillian Wentzel,F,History,68.74378376921517,55.933839968082744,N
Marilyn Schlaefli,F,Medicine,64.68871673804139,47.05898102489688,N
Edward Raabe,M,Business,72.51869726038667,89.8722322948331,N
James Jackson,M,Science,60.62057200573481,53.51005319898091,N
Thomas Strahle,M,History,68.48527758255989,93.49984619168141,N
Meredith Fowler,F,Technology,34.08162673512173,69.93330376656128,N
Helen Calvo,F,History,36.2955329814164,90.32617350523972,N
Geraldine Welch,F,English,55.28230519423353,84.08271835780276,N
Patrick Ledoux,M,Art,84.7116836661312,87.81330530500394,N
Becky Branch,F,Foreign Language,46.022110457389175,51.50393763030787,N
Christopher Navarro,M,Art,34.65647650048507,76.55079870985409,N
Sharon Owenby,F,Business,49.56863215751511,92.16602140984632,Y
Jamie Morgan,F,Science,40.99442985062061,28.01095902559399,N
Trisha Hightower,F,Social Studies,63.075051396410885,37.04479534508222,N
Gloria Harvey,F,Foreign Language,61.644749025199246,99.28249877236354,N
John Chavarria,M,Foreign Language,70.93496246953723,74.17486275923439,N
Kenneth Byron,M,History,52.27952417371296,47.60574879792978,N
Donald Fox,M,Engineering,51.94674612457356,74.020964540199,N
Chris Helmer,M,Business,46.80384137812255,52.50923801588943,Y
Robert Rogers,M,English,49.93826824286713,36.52107959430741,Y
William Hartshorne,M,English,36.919497248843946,70.22879141048602,N
Brian Landry,M,Social Studies,49.82749000751236,100.0,N
Kristina Bottoms,F,Science,53.469581805739274,85.3521571262398,Y
Austin Ross,M,Engineering,39.901382354550336,100.0,N
Amanda Whited,F,Foreign Language,36.947200217039395,96.89503968352713,N
Justin Lee,M,English,59.67029960536682,75.03103755080444,N
Shirley Boehm,F,English,65.3369450466932,99.75961329807068,N
Betty Brion,F,Business,48.45753720669096,43.7996318341135,N
Dorothy Buckman,F,Technology,59.29622522009069,100.0,N
Donald Folse,M,Art,42.78500690539105,68.71350928223256,N
Wilma Chapman,F,Medicine,35.874358633924615,25.191643054265008,Y
Janice Banks,F,Engineering,21.066835013788214,60.468444648378494,N
James Bradley,M,History,57.18613245089486,82.37376137233817,N
Dennis Mejia,M,Medicine,43.1609101345986,66.93135188291124,N
Nancy Staton,F,Foreign Language,42.506394982110606,59.31133362338362,N
Shannon Blevins,F,Engineering,39.23223717553785,33.38966013508799,N
Mary Pastrano,F,Medicine,45.62500870911995,56.51879984739148,N
Marc Clark,M,Foreign Language,73.4964577175351,46.546854704010784,N
Idella Alessandroni,F,Medicine,61.16459164945766,100.0,N
Kevin Castillo,M,Engineering,43.941003647525726,62.362890072391096,Y
Linda Dalton,F,Social Studies,72.89999244266997,58.92055572962324,N
Bridget Welch,F,English,53.60507806032181,66.66942591537514,N
Carolyn Obradovich,F,Social Studies,43.00204872818001,60.5608243569734,N
Martha Fomby,F,Science,66.85009826895649,31.21753002597827,N
Ricky Macchione,M,Art,44.92467053890729,68.05077751602339,N
Heather Gould,F,Medicine,56.72001600055567,49.90720638456376,N
Keith Ingraham,M,Art,31.945261969223186,68.45572296347507,N
Fern Paige,F,Science,68.42625104199044,97.56330262979083,N
Marie Collins,F,Science,66.36377809862996,71.68430777877765,N
Katherine Petty,F,Social Studies,67.62818156058427,100.0,N
Nancy Adams,F,Technology,59.6770088147655,36.455719728697204,N
Solomon Hudgins,M,English,30.0490028953794,71.702953356843,N
Sean Shorr,M,Foreign Language,35.24258903335297,73.07212259975762,Y
Melinda Morgan,F,History,65.69716239138013,3.3395244670080473,Y
Brian Doby,M,Social Studies,43.722798557672526,93.53976319868227,N
John Wilhelm,M,Technology,41.98949719965511,99.84563521632914,N
Gary Holley,M,Business,42.24459833975479,96.83879895822813,N
Norma Piatt,F,Engineering,53.6749951986712,34.147630692787736,N
Sandra Hendon,F,Art,65.83407594942769,81.05072422109501,N
Sherri Sanders,F,History,51.111583432621316,67.69655073505575,Y
David Anderson,M,Engineering,52.19386539942829,13.148612164923875,N
Susan Gonsoulin,F,Art,58.09523758477923,36.51981245602366,N
John Murphy,M,Engineering,38.63552701358168,38.9800066009914,N
Michael Grigsby,M,Technology,64.65684225978073,96.78960703078218,N
James Jones,M,Social Studies,35.366934015199746,98.59607354571116,Y
Casey Hebner,M,Technology,66.35499819551946,48.4311168047651,N
Ruth Bender,NB,Art,11.19931305930033,51.559575939771065,N
Dominique Sullivan,F,Art,76.40459903927285,88.08099446015765,N
Betty Kent,F,Art,52.93086897460434,82.9253463887053,N
Robert Stevenson,M,Medicine,80.38822511803313,100.0,N
Daniel Darden,M,English,52.18812985271237,93.77011423438283,N
Angela Keen,F,Medicine,64.65883082128262,89.8108299133335,Y
Kimberley Wilson,F,English,69.87356578616482,69.05872117127937,N
Michelle Chapman,F,Medicine,60.97316172254688,26.8661332592823,N
Linda Lewter,F,Medicine,45.596949861275995,88.61870535691872,N
Stuart Pack,M,Science,41.919359097912974,88.26882986502882,N
Mary Scott,F,Science,63.87068235505651,65.58818233399424,N
Larry Wilson,M,Engineering,56.57651348550512,44.7195110538094,N
Apryl Cameron,F,Science,28.663407132759232,43.084038441791265,N
Lawrence Smith,M,Technology,37.00012866111123,89.194934284856,N
Norma Berg,F,Social Studies,65.1089181973559,72.21151996443082,N
Becky Russell,F,English,43.44339283374432,65.2490205680367,N
Su Arnold,F,Science,53.28915236273982,83.62413489985933,N
Tasha Williams,F,Science,44.795348272395714,61.08750802128497,N
Marsha Taylor,F,Business,50.325587547864274,44.06346930707248,N
Richard Davis,M,Foreign Language,45.016943063233455,78.7648157388325,Y
Louise King,F,Business,41.57471792846569,54.78776833622314,N
Ralph Herrera,M,Science,56.08849471950494,92.70594991643844,N
Jimmy Moran,M,History,30.735061571349185,6.459881264909278,N
Ethel Wallace,F,Foreign Language,34.61754543264059,49.511725158310824,N
Vivian Carnillo,F,History,47.52690048622771,25.90240093877278,N
Cynthia Schmid,F,Business,44.83022280973642,87.95603039438132,Y
Annie Mason,F,Foreign Language,49.168821245432405,34.820382997723044,N
Brenda Powers,F,Technology,48.8186328411927,100.0,N
Eugene Sosa,M,Science,40.036123668298956,100.0,N
Randy Johnson,M,Science,62.03524408313873,69.71332640768243,Y
Herbert Roche,M,Science,75.58628886587721,53.083021893955774,N
Fred Perez,M,Engineering,52.4099305566876,100.0,N
Michelle Schroer,F,Science,60.66722776018442,100.0,N
Edward Streater,M,Technology,33.50933371830897,62.44762881461276,N
James Matthews,M,Medicine,36.79169881404769,61.87931856756563,N
Bridget Carney,NB,History,54.8870464501962,44.867642480456425,N
Paul Barnes,M,Social Studies,58.87406181894945,65.22450228645666,N
Thelma Payne,F,Foreign Language,51.92250028526883,26.07837864375572,Y
Emma Leyba,F,Engineering,58.73136422717563,90.44026079032362,Y
Melissa Stephenson,F,Art,41.42459682066818,74.75212802592048,N
Daniel Acree,M,Art,50.62688888645931,77.39061856187635,N
Carol Scavuzzo,F,Business,53.32942893000552,45.50506108013168,N
James Howell,M,Business,45.50762616931321,90.83288971613415,N
Carol Cisneros,F,Art,29.84637653808639,67.58923987529027,N
Carolyn Harmon,F,Engineering,21.34640919528081,49.63044207362759,N
Thomas Johnson,M,Art,38.69510152125906,69.34149034351806,Y
Brandon Barrett,M,Engineering,70.50038190270848,62.36976070058164,N
John Biltz,M,Science,25.970523987748514,50.359164502791614,Y
Anthony Arnette,M,Foreign Language,71.26056993889084,43.921192551198956,N
Jessie Carden,M,English,56.62560208840947,74.6249005792662,N
Juan Johnson,M,Medicine,47.428017006650656,69.17316584103492,N
Daniel Riddle,M,Business,56.81886120093952,100.0,N
Marlen Carr,F,Art,59.22320660052762,75.64195097569231,N
Charles Lang,M,Science,45.32756412786265,90.20764419251839,N
Carole Perkins,F,Engineering,69.35196926067539,61.33571013035302,N
David Telles,M,Technology,29.295825288215585,80.5076784007496,N
Amanda Venema,F,Business,80.27023228855334,54.16840794955103,N
Leana Anderson,F,Technology,48.0936565365489,78.3980561002303,N
Charles Gulledge,M,Technology,73.12418247036052,74.92341505367808,N
Roderick Michel,M,Engineering,14.873893524556088,48.12543173575357,N
Elizabeth Matherne,F,Science,53.743725557556864,85.4070110930257,N
Colette Odonnell,F,Medicine,41.81673800754978,67.06275597611301,Y
Roosevelt Furbee,M,Medicine,64.84910570694012,58.740781960923705,N
Kendrick Hansen,M,Engineering,84.7270314763989,57.93421672173239,N
Michael Lucas,M,Art,40.89285047776519,56.181887699340514,N
Stacy Devine,F,History,25.114844371561595,29.953431032217047,N
William Erler,M,History,44.92724817005629,75.21589610683333,N
Rosetta Diaz,F,Art,64.88545617229003,70.58697416579899,N
Shirley Leonard,F,Medicine,79.90106808603602,85.09315927170117,N
Linda Gardner,F,Science,48.02678182000524,86.3582154404648,Y
Tasha Henry,F,Science,43.11144757741279,100.0,N
Henry Swartz,M,Technology,29.552757102144984,75.43680274999709,Y
Sheila Cloyd,F,Business,44.44563224919233,73.17016708970189,N
Vera Ball,F,Foreign Language,64.94757010955277,92.10899376842676,N
Elaine Leonard,F,Social Studies,68.71009603510069,77.81861655356953,Y
David Roberts,M,Medicine,47.715301031373144,94.3844254071584,N
Mandy Hodges,F,Engineering,42.2922487870604,84.95643143687691,Y
Heidi Rosseau,F,Technology,38.61411183820504,45.39340412638829,N
Mary Boggs,F,Social Studies,56.03095816760811,100.0,N
Zachary Mccoy,M,Medicine,28.453320206531718,75.63061721926375,Y
Lionel Houseknecht,M,History,39.95285147196353,73.29831753653247,N
Raymond Rogers,M,History,29.252285793271227,51.99372577406575,N
Maxine Walsh,F,Business,53.54033724351968,100.0,N
Theresa Hastings,F,Engineering,63.04122836215687,84.02784495875483,Y
Frank Davis,M,Social Studies,55.85536298296156,44.2153806360765,N
Harry Link,M,Social Studies,53.216895937009376,83.8764938678122,Y
